App,Package,Start Time,Duration,Filename
"System",,"May 4, 2014 @ 01:05:04 AM","1 min 31 sec",""

Time  [ms],"Battery Status",Time  [ms],"Memory Usage [KB]",Time  [ms],"Battery Power [uW]",Time  [ms],"Application State",Description,
0,0,2,1274780,6,992000,2,0,,
90,0,104,1278684,107,992000,104,0,,
103,0,204,1278940,207,992000,205,0,,
203,0,308,1279064,311,992000,308,0,,
304,0,405,1275868,409,992000,405,0,,
404,0,506,1275868,509,992000,506,0,,
505,0,606,1275868,610,992000,607,0,,
605,0,709,1275868,713,992000,710,0,,
708,0,810,1275868,814,1502000,811,0,,
809,0,910,1275992,915,1502000,911,0,,
909,0,1011,1275868,1015,1502000,1011,0,,
1010,0,1111,1275868,1115,1502000,1112,0,,
1110,0,1212,1275868,1216,1502000,1213,0,,
1148,0,1313,1275868,1317,1502000,1313,0,,
1211,0,1412,1276240,1416,1502000,1413,0,,
1311,0,1513,1277000,1516,1502000,1513,0,,
1412,0,1613,1277436,1617,1502000,1614,0,,
1512,0,1714,1276924,1717,1502000,1714,0,,
1612,0,1814,1269640,1817,1504000,1814,0,,
1713,0,1914,1269640,1918,1504000,1915,0,,
1813,0,2015,1291324,2018,1504000,2015,0,,
1913,0,2116,1281248,2119,1504000,2116,0,,
2014,0,2216,1281124,2220,1504000,2216,0,,
2114,0,2316,1280464,2320,1504000,2317,0,,
2215,0,2417,1280464,2420,1504000,2417,0,,
2315,0,2517,1280464,2524,1504000,2517,0,,
2416,0,2619,1281580,2622,1504000,2619,0,,
2516,0,2719,1276620,2722,1504000,2719,0,,
2618,0,2819,1266972,2823,2018000,2820,0,,
2718,0,2920,1266972,2924,2018000,2920,0,,
2818,0,3021,1256860,3024,2018000,3021,0,,
2919,0,3121,1256860,3125,2018000,3122,0,,
3020,0,3222,1256860,3226,2018000,3222,0,,
3120,0,3322,1256860,3326,2018000,3323,0,,
3220,0,3423,1256860,3427,2018000,3423,0,,
3321,0,3523,1256860,3527,2018000,3523,0,,
3421,0,3625,1257216,3628,2018000,3625,0,,
3522,0,3723,1256968,3727,2018000,3723,0,,
3622,0,3824,1256968,3831,1292000,3824,0,,
3722,0,3924,1275080,3927,1292000,3924,0,,
3823,0,4024,1275112,4028,1292000,4025,0,,
3923,0,4125,1275112,4128,1292000,4125,0,,
4024,0,4225,1275112,4229,1292000,4226,0,,
4124,0,4326,1275112,4331,1292000,4327,0,,
4224,0,4427,1275112,4431,1292000,4427,0,,
4325,0,4527,1275112,4530,1292000,4527,0,,
4425,0,4627,1276228,4632,1292000,4627,0,,
4526,0,4729,1289480,4732,1292000,4729,0,,
4626,0,4828,1327280,4831,1483000,4731,766,Stencil::NativeC::IO::Start,
4726,0,4928,1355180,4933,1483000,4828,766,Stencil::NativeC::IO::Start,
4827,0,5029,1396100,5035,1483000,4929,766,Stencil::NativeC::IO::Start,
4927,0,5129,1422388,5133,1483000,5029,766,Stencil::NativeC::IO::Start,
5028,0,5229,1423628,5234,1483000,5124,767,Stencil::NativeC::IO::Stop,
5128,0,5330,1423752,5334,1483000,5125,275,Stencil::NativeC::Allocate::Start,
5228,0,5430,1423876,5435,1483000,5129,275,Stencil::NativeC::Allocate::Start,
5329,0,5531,1423876,5535,1483000,5135,276,Stencil::NativeC::Allocate::Stop,
5429,0,5634,1423876,5638,1483000,5137,880,Stencil::NativeC::Init::Start,
5530,0,5732,1423876,5743,1483000,5139,881,Stencil::NativeC::Init::Stop,
5630,0,5832,1424248,5837,2364000,5140,811,Stencil::NativeC::Setup::Start,
5731,0,5933,1424248,5937,2364000,5142,812,Stencil::NativeC::Setup::Stop,
5831,0,6033,1424372,6037,2364000,5144,275,Stencil::NativeC::Allocate::Start,
5931,0,6134,1424248,6139,2364000,5146,276,Stencil::NativeC::Allocate::Stop,
6032,0,6234,1424248,6239,2364000,5219,135,Stencil::NativeC::Compute::Start,
6132,0,6334,1424248,6339,2364000,5231,135,Stencil::NativeC::Compute::Start,
6233,0,6435,1424248,6439,2364000,5330,135,Stencil::NativeC::Compute::Start,
6333,0,6535,1424248,6540,2364000,5431,135,Stencil::NativeC::Compute::Start,
6434,0,6638,1424248,6643,2364000,5531,135,Stencil::NativeC::Compute::Start,
6534,0,6737,1424248,6743,2364000,5634,135,Stencil::NativeC::Compute::Start,
6635,0,6837,1424124,6851,2520000,5732,135,Stencil::NativeC::Compute::Start,
6735,0,6943,1424248,6949,2520000,5832,135,Stencil::NativeC::Compute::Start,
6836,0,7043,1424124,7047,2520000,5933,135,Stencil::NativeC::Compute::Start,
6942,0,7143,1424124,7148,2520000,6033,135,Stencil::NativeC::Compute::Start,
7042,0,7244,1424124,7248,2520000,6134,135,Stencil::NativeC::Compute::Start,
7143,0,7344,1424000,7349,2520000,6234,135,Stencil::NativeC::Compute::Start,
7243,0,7445,1424000,7449,2520000,6335,135,Stencil::NativeC::Compute::Start,
7343,0,7545,1424000,7549,2520000,6435,135,Stencil::NativeC::Compute::Start,
7444,0,7645,1424000,7650,2520000,6536,135,Stencil::NativeC::Compute::Start,
7544,0,7750,1424000,7755,2520000,6638,135,Stencil::NativeC::Compute::Start,
7645,0,7847,1424000,7852,2502000,6737,135,Stencil::NativeC::Compute::Start,
7745,0,7948,1424000,7957,2502000,6837,135,Stencil::NativeC::Compute::Start,
7846,0,8047,1424000,8052,2502000,6943,135,Stencil::NativeC::Compute::Start,
7946,0,8148,1424000,8152,2502000,7043,135,Stencil::NativeC::Compute::Start,
8046,0,8248,1423876,8253,2502000,7144,135,Stencil::NativeC::Compute::Start,
8147,0,8348,1424000,8354,2502000,7244,135,Stencil::NativeC::Compute::Start,
8247,0,8449,1424000,8454,2502000,7345,135,Stencil::NativeC::Compute::Start,
8347,0,8549,1424000,8553,2502000,7445,135,Stencil::NativeC::Compute::Start,
8448,0,8650,1424000,8654,2502000,7545,135,Stencil::NativeC::Compute::Start,
8548,0,8750,1424000,8754,2502000,7645,135,Stencil::NativeC::Compute::Start,
8649,0,8850,1424000,8855,2421000,7750,135,Stencil::NativeC::Compute::Start,
8749,0,8951,1424000,8955,2421000,7847,135,Stencil::NativeC::Compute::Start,
8850,0,9051,1424000,9056,2421000,7949,135,Stencil::NativeC::Compute::Start,
8950,0,9151,1424000,9156,2421000,8048,135,Stencil::NativeC::Compute::Start,
9050,0,9252,1424000,9257,2421000,8148,135,Stencil::NativeC::Compute::Start,
9151,0,9352,1424000,9357,2421000,8248,135,Stencil::NativeC::Compute::Start,
9251,0,9453,1424000,9458,2421000,8350,135,Stencil::NativeC::Compute::Start,
9351,0,9553,1424000,9557,2421000,8449,135,Stencil::NativeC::Compute::Start,
9452,0,9654,1424000,9658,2421000,8549,135,Stencil::NativeC::Compute::Start,
9552,0,9754,1424000,9758,2421000,8650,135,Stencil::NativeC::Compute::Start,
9653,0,9854,1424000,9857,2429000,8750,135,Stencil::NativeC::Compute::Start,
9753,0,9956,1423876,9960,2429000,8851,135,Stencil::NativeC::Compute::Start,
9854,0,10055,1424000,10060,2429000,8951,135,Stencil::NativeC::Compute::Start,
9954,0,10157,1424000,10162,2429000,9052,135,Stencil::NativeC::Compute::Start,
10055,0,10256,1424000,10260,2429000,9152,135,Stencil::NativeC::Compute::Start,
10155,0,10358,1423876,10362,2429000,9253,135,Stencil::NativeC::Compute::Start,
10255,0,10457,1424000,10461,2429000,9353,135,Stencil::NativeC::Compute::Start,
10356,0,10557,1424000,10562,2429000,9453,135,Stencil::NativeC::Compute::Start,
10456,0,10658,1424124,10661,2429000,9553,135,Stencil::NativeC::Compute::Start,
10557,0,10758,1330256,10761,2429000,9654,135,Stencil::NativeC::Compute::Start,
10657,0,10859,1326784,10862,2379000,9754,135,Stencil::NativeC::Compute::Start,
10757,0,10959,1356792,10966,2379000,9855,135,Stencil::NativeC::Compute::Start,
10858,0,11059,1398084,11063,2379000,9956,135,Stencil::NativeC::Compute::Start,
10958,0,11161,1423628,11174,2379000,10056,135,Stencil::NativeC::Compute::Start,
11059,0,11260,1424124,11264,2379000,10159,135,Stencil::NativeC::Compute::Start,
11159,0,11361,1424124,11365,2379000,10256,135,Stencil::NativeC::Compute::Start,
11259,0,11461,1424124,11466,2379000,10358,135,Stencil::NativeC::Compute::Start,
11360,0,11562,1424124,11566,2379000,10457,135,Stencil::NativeC::Compute::Start,
11460,0,11662,1424000,11667,2379000,10558,135,Stencil::NativeC::Compute::Start,
11561,0,11763,1424000,11768,2304000,10565,136,Stencil::NativeC::Compute::Stop,
11661,0,11863,1424000,11868,2304000,10566,548,Stencil::NativeC::Free::Start,
11762,0,11964,1424000,11968,2304000,10568,549,Stencil::NativeC::Free::Stop,
11862,0,12066,1424000,12073,2304000,10658,549,Stencil::NativeC::Free::Stop,
11963,0,12168,1423876,12173,2304000,10697,0,:: :: :: ::,
12065,0,12269,1423876,12272,2304000,10758,0,:: :: :: ::,
12167,0,12367,1424000,12371,2304000,10775,641,Stencil::NativeCThreaded::IO::Start,
12267,0,12468,1424000,12472,2304000,10859,641,Stencil::NativeCThreaded::IO::Start,
12367,0,12568,1424000,12572,2304000,10959,641,Stencil::NativeCThreaded::IO::Start,
12467,0,12669,1424000,12674,2304000,11060,641,Stencil::NativeCThreaded::IO::Start,
12567,0,12770,1424000,12777,2477000,11153,642,Stencil::NativeCThreaded::IO::Stop,
12669,0,12870,1424000,12878,2477000,11156,186,Stencil::NativeCThreaded::Allocate::Start,
12769,0,12971,1424000,12975,2477000,11162,186,Stencil::NativeCThreaded::Allocate::Start,
12869,0,13078,1424000,13087,2477000,11172,187,Stencil::NativeCThreaded::Allocate::Stop,
12970,0,13173,1424000,13177,2477000,11175,879,Stencil::NativeCThreaded::Init::Start,
13073,0,13273,1424000,13278,2477000,11176,880,Stencil::NativeCThreaded::Init::Stop,
13172,0,13373,1424124,13378,2477000,11177,852,Stencil::NativeCThreaded::Setup::Start,
13272,0,13474,1424124,13477,2477000,11179,853,Stencil::NativeCThreaded::Setup::Stop,
13373,0,13574,1291196,13577,2477000,11180,186,Stencil::NativeCThreaded::Allocate::Start,
13473,0,13675,1336332,13679,2477000,11181,187,Stencil::NativeCThreaded::Allocate::Stop,
13573,0,13775,1368572,13780,2304000,11256,126,Stencil::NativeCThreaded::Compute::Start,
13674,0,13876,1419164,13880,2304000,11260,126,Stencil::NativeCThreaded::Compute::Start,
13774,0,13976,1423876,13980,2304000,11361,126,Stencil::NativeCThreaded::Compute::Start,
13875,0,14076,1423876,14081,2304000,11462,126,Stencil::NativeCThreaded::Compute::Start,
13975,0,14177,1423876,14181,2304000,11562,126,Stencil::NativeCThreaded::Compute::Start,
14076,0,14277,1423752,14281,2304000,11662,126,Stencil::NativeCThreaded::Compute::Start,
14176,0,14378,1423876,14382,2304000,11763,126,Stencil::NativeCThreaded::Compute::Start,
14276,0,14478,1424000,14482,2304000,11864,126,Stencil::NativeCThreaded::Compute::Start,
14377,0,14578,1424124,14582,2304000,11964,126,Stencil::NativeCThreaded::Compute::Start,
14477,0,14679,1424000,14683,2304000,12066,126,Stencil::NativeCThreaded::Compute::Start,
14577,0,14779,1424000,14783,2347000,12168,126,Stencil::NativeCThreaded::Compute::Start,
14678,0,14879,1424124,14884,2347000,12269,126,Stencil::NativeCThreaded::Compute::Start,
14778,0,14980,1424000,14984,2347000,12367,126,Stencil::NativeCThreaded::Compute::Start,
14878,0,15080,1424000,15093,2347000,12468,126,Stencil::NativeCThreaded::Compute::Start,
14979,0,15180,1424124,15185,2347000,12569,126,Stencil::NativeCThreaded::Compute::Start,
15079,0,15281,1424000,15286,2347000,12670,126,Stencil::NativeCThreaded::Compute::Start,
15179,0,15383,1424000,15388,2347000,12770,126,Stencil::NativeCThreaded::Compute::Start,
15280,0,15484,1424000,15488,2347000,12871,126,Stencil::NativeCThreaded::Compute::Start,
15382,0,15584,1424000,15589,2347000,12971,126,Stencil::NativeCThreaded::Compute::Start,
15483,0,15684,1424000,15687,2347000,13078,126,Stencil::NativeCThreaded::Compute::Start,
15583,0,15784,1424124,15788,2379000,13173,126,Stencil::NativeCThreaded::Compute::Start,
15683,0,15885,1424000,15889,2379000,13274,126,Stencil::NativeCThreaded::Compute::Start,
15784,0,15986,1424124,15990,2379000,13351,127,Stencil::NativeCThreaded::Compute::Stop,
15884,0,16087,1424000,16102,2379000,13352,547,Stencil::NativeCThreaded::Free::Start,
15985,0,16188,1424000,16192,2379000,13353,548,Stencil::NativeCThreaded::Free::Stop,
16086,0,16288,1424124,16293,2379000,13374,548,Stencil::NativeCThreaded::Free::Stop,
16187,0,16389,1424000,16394,2379000,13474,548,Stencil::NativeCThreaded::Free::Stop,
16288,0,16490,1424124,16495,2379000,13498,0,:: :: :: ::,
16388,0,16591,1424000,16596,2379000,13571,636,Stencil::Java::IO::Start,
16489,0,16692,1424000,16703,2379000,13575,636,Stencil::Java::IO::Start,
16590,0,16792,1424000,16796,2373000,13676,636,Stencil::Java::IO::Start,
16691,0,16893,1424000,16898,2373000,13776,636,Stencil::Java::IO::Start,
16792,0,16994,1424000,16998,2373000,13876,636,Stencil::Java::IO::Start,
16892,0,17094,1424124,17100,2373000,13928,637,Stencil::Java::IO::Stop,
16993,0,17195,1424000,17199,2373000,13930,779,Stencil::Java::Allocate::Start,
17094,0,17296,1424000,17300,2373000,13935,780,Stencil::Java::Allocate::Stop,
17195,0,17396,1424124,17400,2373000,13976,780,Stencil::Java::Allocate::Stop,
17295,0,17497,1424000,17501,2373000,14007,47,Stencil::Java::Compute::Start,
17395,0,17597,1424000,17601,2373000,14077,47,Stencil::Java::Compute::Start,
17496,0,17697,1424124,17701,2373000,14177,47,Stencil::Java::Compute::Start,
17596,0,17798,1424000,17807,2357000,14277,47,Stencil::Java::Compute::Start,
17696,0,17898,1424124,17902,2357000,14378,47,Stencil::Java::Compute::Start,
17797,0,17998,1424000,18003,2357000,14478,47,Stencil::Java::Compute::Start,
17897,0,18099,1424000,18109,2357000,14578,47,Stencil::Java::Compute::Start,
17998,0,18199,1424124,18203,2357000,14679,47,Stencil::Java::Compute::Start,
18098,0,18300,1424000,18304,2357000,14779,47,Stencil::Java::Compute::Start,
18198,0,18400,1424124,18406,2357000,14880,47,Stencil::Java::Compute::Start,
18299,0,18502,1424000,18506,2357000,14980,47,Stencil::Java::Compute::Start,
18400,0,18602,1424000,18607,2357000,15080,47,Stencil::Java::Compute::Start,
18501,0,18704,1424124,18710,2357000,15180,47,Stencil::Java::Compute::Start,
18601,0,18803,1424124,18806,2368000,15282,47,Stencil::Java::Compute::Start,
18702,0,18904,1424000,18906,2368000,15383,47,Stencil::Java::Compute::Start,
18802,0,19004,1424000,19009,2368000,15484,47,Stencil::Java::Compute::Start,
18903,0,19105,1424000,19109,2368000,15584,47,Stencil::Java::Compute::Start,
19003,0,19205,1424000,19209,2368000,15684,47,Stencil::Java::Compute::Start,
19104,0,19306,1424000,19310,2368000,15785,47,Stencil::Java::Compute::Start,
19204,0,19406,1424000,19410,2368000,15886,47,Stencil::Java::Compute::Start,
19305,0,19506,1424000,19510,2368000,15986,47,Stencil::Java::Compute::Start,
19405,0,19607,1424000,19611,2368000,16087,47,Stencil::Java::Compute::Start,
19505,0,19707,1424124,19711,2368000,16188,47,Stencil::Java::Compute::Start,
19606,0,19807,1424000,19812,2389000,16289,47,Stencil::Java::Compute::Start,
19706,0,19908,1424000,19912,2389000,16389,47,Stencil::Java::Compute::Start,
19806,0,20008,1424124,20012,2389000,16490,47,Stencil::Java::Compute::Start,
19907,0,20108,1424000,20114,2389000,16591,47,Stencil::Java::Compute::Start,
20007,0,20209,1424124,20214,2389000,16692,47,Stencil::Java::Compute::Start,
20108,0,20310,1424000,20314,2389000,16793,47,Stencil::Java::Compute::Start,
20208,0,20410,1424000,20414,2389000,16893,47,Stencil::Java::Compute::Start,
20308,0,20510,1424124,20514,2389000,16994,47,Stencil::Java::Compute::Start,
20409,0,20610,1424000,20616,2389000,17095,47,Stencil::Java::Compute::Start,
20509,0,20710,1424000,20715,2389000,17196,47,Stencil::Java::Compute::Start,
20609,0,20811,1424000,20815,2373000,17296,47,Stencil::Java::Compute::Start,
20710,0,20911,1424000,20915,2373000,17397,47,Stencil::Java::Compute::Start,
20810,0,21012,1424000,21016,2373000,17497,47,Stencil::Java::Compute::Start,
20910,0,21112,1424124,21116,2373000,17597,47,Stencil::Java::Compute::Start,
21011,0,21166,1424372,21170,2373000,17698,47,Stencil::Java::Compute::Start,
21111,0,21266,1424372,21269,2373000,17798,47,Stencil::Java::Compute::Start,
21165,0,21366,1424496,21370,2373000,17898,47,Stencil::Java::Compute::Start,
21265,0,21467,1424372,21470,2373000,17999,47,Stencil::Java::Compute::Start,
21365,0,21568,1424372,21574,2373000,18099,47,Stencil::Java::Compute::Start,
21466,0,21669,1424496,21672,2373000,18199,47,Stencil::Java::Compute::Start,
21567,0,21769,1424372,21772,2373000,18300,47,Stencil::Java::Compute::Start,
21668,0,21870,1424496,21873,2381000,18401,47,Stencil::Java::Compute::Start,
21768,0,21970,1424372,21974,2381000,18502,47,Stencil::Java::Compute::Start,
21868,0,22070,1424372,22074,2381000,18602,47,Stencil::Java::Compute::Start,
21969,0,22170,1424372,22175,2381000,18704,47,Stencil::Java::Compute::Start,
22069,0,22271,1424372,22275,2381000,18803,47,Stencil::Java::Compute::Start,
22169,0,22375,1424372,22379,2381000,18904,47,Stencil::Java::Compute::Start,
22270,0,22476,1424496,22479,2381000,19005,47,Stencil::Java::Compute::Start,
22374,0,22576,1424372,22580,2381000,19106,47,Stencil::Java::Compute::Start,
22475,0,22676,1424372,22679,2381000,19205,47,Stencil::Java::Compute::Start,
22575,0,22777,1424496,22781,2373000,19306,47,Stencil::Java::Compute::Start,
22675,0,22877,1424372,22880,2373000,19406,47,Stencil::Java::Compute::Start,
22776,0,22977,1424372,22981,2373000,19507,47,Stencil::Java::Compute::Start,
22876,0,23077,1424372,23081,2373000,19607,47,Stencil::Java::Compute::Start,
22976,0,23178,1424372,23183,2373000,19707,47,Stencil::Java::Compute::Start,
23077,0,23279,1424372,23285,2373000,19808,47,Stencil::Java::Compute::Start,
23178,0,23379,1424372,23385,2373000,19908,47,Stencil::Java::Compute::Start,
23278,0,23482,1424372,23485,2373000,20008,47,Stencil::Java::Compute::Start,
23378,0,23580,1424372,23585,2373000,20109,47,Stencil::Java::Compute::Start,
23478,0,23680,1424372,23686,2373000,20209,47,Stencil::Java::Compute::Start,
23579,0,23781,1424372,23784,2417000,20310,47,Stencil::Java::Compute::Start,
23680,0,23881,1424372,23884,2417000,20410,47,Stencil::Java::Compute::Start,
23780,0,23982,1424372,23985,2417000,20510,47,Stencil::Java::Compute::Start,
23880,0,24082,1424372,24087,2417000,20610,47,Stencil::Java::Compute::Start,
23981,0,24182,1424372,24186,2417000,20711,47,Stencil::Java::Compute::Start,
24081,0,24283,1424372,24287,2417000,20812,47,Stencil::Java::Compute::Start,
24182,0,24383,1424372,24387,2417000,20912,47,Stencil::Java::Compute::Start,
24282,0,24484,1424372,24488,2417000,21012,47,Stencil::Java::Compute::Start,
24383,0,24584,1424372,24588,2417000,21112,47,Stencil::Java::Compute::Start,
24483,0,24691,1424372,24697,2417000,21166,47,Stencil::Java::Compute::Start,
24583,0,24785,1424372,24789,2433000,21266,47,Stencil::Java::Compute::Start,
24684,0,24885,1424372,24889,2433000,21366,47,Stencil::Java::Compute::Start,
24784,0,24986,1424496,24990,2433000,21467,47,Stencil::Java::Compute::Start,
24884,0,25086,1424372,25090,2433000,21568,47,Stencil::Java::Compute::Start,
24985,0,25187,1424496,25191,2433000,21669,47,Stencil::Java::Compute::Start,
25085,0,25287,1424372,25291,2433000,21769,47,Stencil::Java::Compute::Start,
25186,0,25388,1424496,25392,2433000,21870,47,Stencil::Java::Compute::Start,
25286,0,25488,1424372,25492,2433000,21970,47,Stencil::Java::Compute::Start,
25387,0,25589,1424372,25593,2433000,22070,47,Stencil::Java::Compute::Start,
25488,0,25689,1424496,25694,2433000,22171,47,Stencil::Java::Compute::Start,
25588,0,25790,1424372,25794,2376000,22271,47,Stencil::Java::Compute::Start,
25688,0,25891,1424372,25895,2376000,22376,47,Stencil::Java::Compute::Start,
25789,0,25990,1424496,25994,2376000,22476,47,Stencil::Java::Compute::Start,
25891,0,26091,1424372,26094,2376000,22576,47,Stencil::Java::Compute::Start,
25990,0,26192,1424496,26196,2376000,22677,47,Stencil::Java::Compute::Start,
26090,0,26292,1424372,26296,2376000,22777,47,Stencil::Java::Compute::Start,
26191,0,26393,1424496,26397,2376000,22877,47,Stencil::Java::Compute::Start,
26291,0,26493,1424496,26497,2376000,22977,47,Stencil::Java::Compute::Start,
26392,0,26593,1424372,26597,2376000,23078,47,Stencil::Java::Compute::Start,
26492,0,26694,1424496,26698,2376000,23179,47,Stencil::Java::Compute::Start,
26593,0,26794,1424372,26798,2376000,23279,47,Stencil::Java::Compute::Start,
26693,0,26894,1424372,26899,2376000,23379,47,Stencil::Java::Compute::Start,
26793,0,26995,1424496,26999,2376000,23482,47,Stencil::Java::Compute::Start,
26894,0,27098,1424496,27105,2376000,23580,47,Stencil::Java::Compute::Start,
26994,0,27199,1424496,27203,2376000,23681,47,Stencil::Java::Compute::Start,
27098,0,27300,1424496,27304,2376000,23781,47,Stencil::Java::Compute::Start,
27198,0,27402,1424496,27406,2376000,23881,47,Stencil::Java::Compute::Start,
27299,0,27502,1424496,27508,2376000,23982,47,Stencil::Java::Compute::Start,
27401,0,27602,1424496,27606,2376000,24082,47,Stencil::Java::Compute::Start,
27501,0,27702,1424496,27706,2376000,24183,47,Stencil::Java::Compute::Start,
27601,0,27803,1424496,27807,2413000,24283,47,Stencil::Java::Compute::Start,
27701,0,27903,1424496,27907,2413000,24383,47,Stencil::Java::Compute::Start,
27802,0,28003,1424496,28007,2413000,24484,47,Stencil::Java::Compute::Start,
27902,0,28104,1424496,28108,2413000,24584,47,Stencil::Java::Compute::Start,
28003,0,28204,1424496,28208,2413000,24691,47,Stencil::Java::Compute::Start,
28103,0,28305,1424496,28315,2413000,24785,47,Stencil::Java::Compute::Start,
28203,0,28405,1424496,28409,2413000,24885,47,Stencil::Java::Compute::Start,
28304,0,28506,1424496,28510,2413000,24986,47,Stencil::Java::Compute::Start,
28404,0,28606,1424496,28610,2413000,25086,47,Stencil::Java::Compute::Start,
28504,0,28706,1424372,28711,2413000,25187,47,Stencil::Java::Compute::Start,
28605,0,28807,1424372,28811,2408000,25287,47,Stencil::Java::Compute::Start,
28705,0,28907,1424372,28910,2408000,25388,47,Stencil::Java::Compute::Start,
28806,0,29007,1424372,29011,2408000,25489,47,Stencil::Java::Compute::Start,
28906,0,29107,1424372,29112,2408000,25589,47,Stencil::Java::Compute::Start,
29006,0,29208,1424372,29213,2408000,25690,47,Stencil::Java::Compute::Start,
29107,0,29308,1424372,29312,2408000,25790,47,Stencil::Java::Compute::Start,
29207,0,29409,1424496,29412,2408000,25892,47,Stencil::Java::Compute::Start,
29307,0,29509,1424364,29523,2408000,25990,47,Stencil::Java::Compute::Start,
29408,0,29610,1424364,29612,2408000,26091,47,Stencil::Java::Compute::Start,
29508,0,29710,1424364,29713,2408000,26192,47,Stencil::Java::Compute::Start,
29609,0,29810,1424364,29813,2387000,26293,47,Stencil::Java::Compute::Start,
29709,0,29911,1424488,29913,2387000,26393,47,Stencil::Java::Compute::Start,
29809,0,30011,1424364,30014,2387000,26493,47,Stencil::Java::Compute::Start,
29910,0,30112,1424488,30115,2387000,26594,47,Stencil::Java::Compute::Start,
30010,0,30213,1424364,30216,2387000,26694,47,Stencil::Java::Compute::Start,
30111,0,30313,1424488,30316,2387000,26794,47,Stencil::Java::Compute::Start,
30212,0,30413,1424364,30417,2387000,26895,47,Stencil::Java::Compute::Start,
30312,0,30513,1424488,30517,2387000,26996,47,Stencil::Java::Compute::Start,
30412,0,30614,1424364,30618,2387000,27099,47,Stencil::Java::Compute::Start,
30513,0,30714,1424364,30725,2387000,27199,47,Stencil::Java::Compute::Start,
30613,0,30815,1424488,30819,2383000,27300,47,Stencil::Java::Compute::Start,
30713,0,30915,1424364,30919,2383000,27402,47,Stencil::Java::Compute::Start,
30814,0,31015,1424364,31020,2383000,27502,47,Stencil::Java::Compute::Start,
30915,0,31116,1424488,31120,2383000,27602,47,Stencil::Java::Compute::Start,
31015,0,31216,1424364,31221,2383000,27702,47,Stencil::Java::Compute::Start,
31115,0,31316,1424364,31320,2383000,27803,47,Stencil::Java::Compute::Start,
31215,0,31417,1424364,31421,2383000,27903,47,Stencil::Java::Compute::Start,
31316,0,31517,1424364,31521,2383000,28004,47,Stencil::Java::Compute::Start,
31416,0,31617,1424488,31621,2383000,28104,47,Stencil::Java::Compute::Start,
31516,0,31718,1424364,31722,2383000,28204,47,Stencil::Java::Compute::Start,
31617,0,31818,1424488,31822,2371000,28305,47,Stencil::Java::Compute::Start,
31717,0,31918,1424364,31922,2371000,28405,47,Stencil::Java::Compute::Start,
31817,0,32019,1424364,32023,2371000,28506,47,Stencil::Java::Compute::Start,
31918,0,32119,1424488,32123,2371000,28606,47,Stencil::Java::Compute::Start,
32018,0,32220,1424364,32223,2371000,28707,47,Stencil::Java::Compute::Start,
32118,0,32321,1424488,32325,2371000,28807,47,Stencil::Java::Compute::Start,
32219,0,32422,1424488,32426,2371000,28907,47,Stencil::Java::Compute::Start,
32320,0,32522,1424364,32527,2371000,29007,47,Stencil::Java::Compute::Start,
32421,0,32623,1424488,32628,2371000,29108,47,Stencil::Java::Compute::Start,
32521,0,32724,1424364,32729,2371000,29208,47,Stencil::Java::Compute::Start,
32622,0,32825,1424364,32829,2375000,29309,47,Stencil::Java::Compute::Start,
32723,0,32925,1424488,32929,2375000,29409,47,Stencil::Java::Compute::Start,
32824,0,33026,1424364,33030,2375000,29509,47,Stencil::Java::Compute::Start,
32924,0,33127,1424364,33131,2375000,29610,47,Stencil::Java::Compute::Start,
33025,0,33227,1424488,33231,2375000,29710,47,Stencil::Java::Compute::Start,
33126,0,33328,1424364,33332,2375000,29811,47,Stencil::Java::Compute::Start,
33227,0,33428,1424364,33432,2375000,29911,47,Stencil::Java::Compute::Start,
33327,0,33528,1424488,33532,2375000,30011,47,Stencil::Java::Compute::Start,
33427,0,33629,1424364,33633,2375000,30112,47,Stencil::Java::Compute::Start,
33528,0,33729,1424488,33733,2375000,30213,47,Stencil::Java::Compute::Start,
33628,0,33830,1424364,33834,2383000,30313,47,Stencil::Java::Compute::Start,
33728,0,33930,1424364,33934,2383000,30413,47,Stencil::Java::Compute::Start,
33829,0,34030,1424488,34035,2383000,30514,47,Stencil::Java::Compute::Start,
33929,0,34131,1424364,34135,2383000,30614,47,Stencil::Java::Compute::Start,
34029,0,34231,1424364,34235,2383000,30715,47,Stencil::Java::Compute::Start,
34130,0,34331,1424488,34340,2383000,30816,47,Stencil::Java::Compute::Start,
34230,0,34432,1424364,34436,2383000,30916,47,Stencil::Java::Compute::Start,
34331,0,34533,1424488,34537,2383000,31016,47,Stencil::Java::Compute::Start,
34431,0,34633,1424364,34637,2383000,31116,47,Stencil::Java::Compute::Start,
34531,0,34733,1424364,34738,2383000,31217,47,Stencil::Java::Compute::Start,
34632,0,34833,1424364,34839,2391000,31317,47,Stencil::Java::Compute::Start,
34732,0,34934,1424364,34940,2391000,31417,47,Stencil::Java::Compute::Start,
34833,0,35034,1424364,35040,2391000,31517,47,Stencil::Java::Compute::Start,
34933,0,35136,1424364,35140,2391000,31618,47,Stencil::Java::Compute::Start,
35034,0,35236,1424364,35240,2391000,31718,47,Stencil::Java::Compute::Start,
35134,0,35336,1424364,35340,2391000,31818,47,Stencil::Java::Compute::Start,
35235,0,35437,1424364,35441,2391000,31919,47,Stencil::Java::Compute::Start,
35336,0,35538,1424364,35542,2391000,32019,47,Stencil::Java::Compute::Start,
35436,0,35638,1424364,35642,2391000,32119,47,Stencil::Java::Compute::Start,
35537,0,35739,1424364,35743,2391000,32220,47,Stencil::Java::Compute::Start,
35637,0,35840,1424488,35844,2427000,32321,47,Stencil::Java::Compute::Start,
35738,0,35940,1424364,35944,2427000,32422,47,Stencil::Java::Compute::Start,
35839,0,36041,1424364,36045,2427000,32523,47,Stencil::Java::Compute::Start,
35939,0,36141,1424488,36145,2427000,32623,47,Stencil::Java::Compute::Start,
36039,0,36241,1424364,36245,2427000,32725,47,Stencil::Java::Compute::Start,
36140,0,36342,1424488,36346,2427000,32825,47,Stencil::Java::Compute::Start,
36240,0,36442,1424364,36448,2427000,32925,47,Stencil::Java::Compute::Start,
36341,0,36544,1424364,36548,2427000,33026,47,Stencil::Java::Compute::Start,
36441,0,36644,1424488,36649,2427000,33127,47,Stencil::Java::Compute::Start,
36543,0,36745,1424364,36757,2427000,33228,47,Stencil::Java::Compute::Start,
36643,0,36846,1424364,36849,2379000,33328,47,Stencil::Java::Compute::Start,
36744,0,36946,1424488,36950,2379000,33428,47,Stencil::Java::Compute::Start,
36845,0,37046,1424364,37050,2379000,33529,47,Stencil::Java::Compute::Start,
36945,0,37147,1424488,37151,2379000,33629,47,Stencil::Java::Compute::Start,
37046,0,37247,1424364,37250,2379000,33729,47,Stencil::Java::Compute::Start,
37146,0,37348,1424364,37352,2379000,33830,47,Stencil::Java::Compute::Start,
37246,0,37448,1424488,37452,2379000,33930,47,Stencil::Java::Compute::Start,
37347,0,37548,1424364,37552,2379000,34031,47,Stencil::Java::Compute::Start,
37447,0,37649,1424488,37652,2379000,34131,47,Stencil::Java::Compute::Start,
37547,0,37749,1424488,37753,2379000,34231,47,Stencil::Java::Compute::Start,
37648,0,37849,1424364,37853,2382000,34332,47,Stencil::Java::Compute::Start,
37748,0,37950,1424488,37966,2382000,34432,47,Stencil::Java::Compute::Start,
37848,0,38050,1424364,38053,2382000,34533,47,Stencil::Java::Compute::Start,
37949,0,38151,1424364,38155,2382000,34633,47,Stencil::Java::Compute::Start,
38049,0,38251,1424488,38255,2382000,34733,47,Stencil::Java::Compute::Start,
38150,0,38352,1424364,38356,2382000,34834,47,Stencil::Java::Compute::Start,
38250,0,38454,1424364,38458,2382000,34936,47,Stencil::Java::Compute::Start,
38351,0,38553,1424488,38560,2382000,35037,47,Stencil::Java::Compute::Start,
38452,0,38654,1424364,38658,2382000,35136,47,Stencil::Java::Compute::Start,
38552,0,38754,1424364,38759,2382000,35236,47,Stencil::Java::Compute::Start,
38653,0,38854,1424488,38858,2399000,35337,47,Stencil::Java::Compute::Start,
38753,0,38955,1424488,38958,2399000,35438,47,Stencil::Java::Compute::Start,
38854,0,39055,1424488,39059,2399000,35538,47,Stencil::Java::Compute::Start,
38954,0,39165,1423732,39171,2399000,35639,47,Stencil::Java::Compute::Start,
39054,0,39256,1423856,39260,2399000,35739,47,Stencil::Java::Compute::Start,
39163,0,39356,1423856,39361,2399000,35840,47,Stencil::Java::Compute::Start,
39255,0,39457,1423856,39461,2399000,35940,47,Stencil::Java::Compute::Start,
39356,0,39557,1423856,39562,2399000,36041,47,Stencil::Java::Compute::Start,
39456,0,39657,1423856,39662,2399000,36141,47,Stencil::Java::Compute::Start,
39556,0,39758,1423856,39762,2399000,36241,47,Stencil::Java::Compute::Start,
39657,0,39858,1423808,39863,2482000,36342,47,Stencil::Java::Compute::Start,
39757,0,39959,1423808,39965,2482000,36443,47,Stencil::Java::Compute::Start,
39857,0,40059,1423808,40065,2482000,36545,47,Stencil::Java::Compute::Start,
39958,0,40160,1423808,40165,2482000,36645,47,Stencil::Java::Compute::Start,
40058,0,40260,1423808,40265,2482000,36745,47,Stencil::Java::Compute::Start,
40159,0,40363,1423808,40367,2482000,36846,47,Stencil::Java::Compute::Start,
40259,0,40460,1423932,40465,2482000,36946,47,Stencil::Java::Compute::Start,
40359,0,40561,1423932,40565,2482000,37047,47,Stencil::Java::Compute::Start,
40460,0,40661,1424056,40665,2482000,37147,47,Stencil::Java::Compute::Start,
40560,0,40761,1424056,40765,2482000,37247,47,Stencil::Java::Compute::Start,
40660,0,40862,1424056,40866,2410000,37348,47,Stencil::Java::Compute::Start,
40761,0,40962,1424056,40966,2410000,37448,47,Stencil::Java::Compute::Start,
40861,0,41062,1423932,41066,2410000,37549,47,Stencil::Java::Compute::Start,
40961,0,41163,1424056,41167,2410000,37649,47,Stencil::Java::Compute::Start,
41062,0,41263,1424056,41267,2410000,37749,47,Stencil::Java::Compute::Start,
41162,0,41364,1424056,41368,2410000,37850,47,Stencil::Java::Compute::Start,
41262,0,41464,1424056,41468,2410000,37950,47,Stencil::Java::Compute::Start,
41363,0,41566,1423972,41570,2410000,38050,47,Stencil::Java::Compute::Start,
41463,0,41665,1423972,41668,2410000,38151,47,Stencil::Java::Compute::Start,
41563,0,41765,1423932,41769,2410000,38251,47,Stencil::Java::Compute::Start,
41664,0,41865,1424056,41869,2390000,38352,47,Stencil::Java::Compute::Start,
41764,0,41966,1424056,41970,2390000,38454,47,Stencil::Java::Compute::Start,
41865,0,42066,1423932,42071,2390000,38553,47,Stencil::Java::Compute::Start,
41965,0,42167,1424056,42171,2390000,38654,47,Stencil::Java::Compute::Start,
42065,0,42217,1423932,42221,2390000,38754,47,Stencil::Java::Compute::Start,
42166,0,42318,1423932,42323,2390000,38855,47,Stencil::Java::Compute::Start,
42216,0,42418,1424056,42422,2390000,38955,47,Stencil::Java::Compute::Start,
42317,0,42519,1423932,42522,2390000,39056,47,Stencil::Java::Compute::Start,
42417,0,42619,1424056,42624,2390000,39166,47,Stencil::Java::Compute::Start,
42518,0,42719,1424056,42727,2390000,39256,47,Stencil::Java::Compute::Start,
42618,0,42821,1424088,42824,2390000,39357,47,Stencil::Java::Compute::Start,
42718,0,42921,1424088,42925,2390000,39457,47,Stencil::Java::Compute::Start,
42820,0,43022,1424088,43025,2390000,39557,47,Stencil::Java::Compute::Start,
42921,0,43122,1424088,43126,2390000,39658,47,Stencil::Java::Compute::Start,
43021,0,43222,1424088,43226,2390000,39758,47,Stencil::Java::Compute::Start,
43121,0,43323,1424088,43326,2390000,39859,47,Stencil::Java::Compute::Start,
43222,0,43423,1423932,43427,2390000,39959,47,Stencil::Java::Compute::Start,
43322,0,43524,1424056,43528,2390000,40060,47,Stencil::Java::Compute::Start,
43422,0,43624,1424056,43628,2390000,40160,47,Stencil::Java::Compute::Start,
43523,0,43724,1423932,43728,2390000,40260,47,Stencil::Java::Compute::Start,
43623,0,43825,1424056,43829,2421000,40364,47,Stencil::Java::Compute::Start,
43723,0,43927,1422320,43931,2421000,40461,47,Stencil::Java::Compute::Start,
43824,0,44025,1422444,44029,2421000,40562,47,Stencil::Java::Compute::Start,
43924,0,44126,1422320,44131,2421000,40662,47,Stencil::Java::Compute::Start,
44024,0,44226,1422320,44231,2421000,40762,47,Stencil::Java::Compute::Start,
44125,0,44327,1422444,44331,2421000,40862,47,Stencil::Java::Compute::Start,
44225,0,44427,1422320,44431,2421000,40962,47,Stencil::Java::Compute::Start,
44326,0,44528,1422444,44532,2421000,41063,47,Stencil::Java::Compute::Start,
44426,0,44628,1422320,44633,2421000,41163,47,Stencil::Java::Compute::Start,
44526,0,44729,1422320,44733,2421000,41263,47,Stencil::Java::Compute::Start,
44627,0,44829,1422320,44833,2413000,41364,47,Stencil::Java::Compute::Start,
44728,0,44930,1422320,44934,2413000,41464,47,Stencil::Java::Compute::Start,
44829,0,45030,1422320,45034,2413000,41566,47,Stencil::Java::Compute::Start,
44929,0,45132,1422320,45136,2413000,41665,47,Stencil::Java::Compute::Start,
45029,0,45231,1422444,45234,2413000,41765,47,Stencil::Java::Compute::Start,
45130,0,45331,1422444,45335,2413000,41866,47,Stencil::Java::Compute::Start,
45230,0,45431,1422444,45436,2413000,41966,47,Stencil::Java::Compute::Start,
45330,0,45532,1422444,45536,2413000,42066,47,Stencil::Java::Compute::Start,
45431,0,45632,1422444,45636,2413000,42167,47,Stencil::Java::Compute::Start,
45531,0,45732,1422444,45736,2413000,42217,47,Stencil::Java::Compute::Start,
45631,0,45833,1422444,45837,2414000,42318,47,Stencil::Java::Compute::Start,
45732,0,45933,1422444,45937,2414000,42419,47,Stencil::Java::Compute::Start,
45832,0,46033,1422444,46037,2414000,42519,47,Stencil::Java::Compute::Start,
45932,0,46134,1422444,46138,2414000,42619,47,Stencil::Java::Compute::Start,
46033,0,46234,1422444,46239,2414000,42719,47,Stencil::Java::Compute::Start,
46133,0,46338,1422444,46342,2414000,42821,47,Stencil::Java::Compute::Start,
46234,0,46436,1422444,46440,2414000,42922,47,Stencil::Java::Compute::Start,
46334,0,46536,1422320,46540,2414000,43022,47,Stencil::Java::Compute::Start,
46434,0,46636,1422444,46640,2414000,43123,47,Stencil::Java::Compute::Start,
46535,0,46737,1422320,46741,2414000,43223,47,Stencil::Java::Compute::Start,
46636,0,46837,1422444,46841,2406000,43323,47,Stencil::Java::Compute::Start,
46736,0,46937,1422444,46941,2406000,43424,47,Stencil::Java::Compute::Start,
46836,0,47038,1422320,47042,2406000,43524,47,Stencil::Java::Compute::Start,
46937,0,47138,1422444,47142,2406000,43624,47,Stencil::Java::Compute::Start,
47037,0,47239,1422444,47248,2406000,43724,47,Stencil::Java::Compute::Start,
47137,0,47339,1422444,47342,2406000,43825,47,Stencil::Java::Compute::Start,
47238,0,47439,1422444,47443,2406000,43927,47,Stencil::Java::Compute::Start,
47338,0,47540,1422444,47544,2406000,44025,47,Stencil::Java::Compute::Start,
47438,0,47640,1422444,47644,2406000,44126,47,Stencil::Java::Compute::Start,
47539,0,47741,1422444,47745,2406000,44226,47,Stencil::Java::Compute::Start,
47640,0,47842,1422444,47846,2397000,44327,47,Stencil::Java::Compute::Start,
47740,0,47942,1422444,47948,2397000,44427,47,Stencil::Java::Compute::Start,
47840,0,48043,1422444,48048,2397000,44528,47,Stencil::Java::Compute::Start,
47941,0,48143,1422444,48148,2397000,44628,47,Stencil::Java::Compute::Start,
48041,0,48243,1422444,48250,2397000,44729,47,Stencil::Java::Compute::Start,
48142,0,48343,1422444,48346,2397000,44830,47,Stencil::Java::Compute::Start,
48242,0,48444,1422444,48447,2397000,44930,47,Stencil::Java::Compute::Start,
48342,0,48544,1422444,48547,2397000,45030,47,Stencil::Java::Compute::Start,
48443,0,48645,1422444,48648,2397000,45132,47,Stencil::Java::Compute::Start,
48543,0,48746,1422444,48758,2397000,45231,47,Stencil::Java::Compute::Start,
48644,0,48846,1422444,48849,2417000,45331,47,Stencil::Java::Compute::Start,
48745,0,48947,1422444,48950,2417000,45432,47,Stencil::Java::Compute::Start,
48846,0,49047,1422444,49051,2417000,45532,47,Stencil::Java::Compute::Start,
48946,0,49147,1422444,49151,2417000,45632,47,Stencil::Java::Compute::Start,
49046,0,49248,1422444,49255,2417000,45733,47,Stencil::Java::Compute::Start,
49147,0,49348,1422444,49351,2417000,45833,47,Stencil::Java::Compute::Start,
49247,0,49448,1422444,49452,2417000,45933,47,Stencil::Java::Compute::Start,
49347,0,49549,1422444,49552,2417000,46034,47,Stencil::Java::Compute::Start,
49448,0,49649,1422444,49653,2417000,46134,47,Stencil::Java::Compute::Start,
49548,0,49749,1422444,49753,2417000,46235,47,Stencil::Java::Compute::Start,
49648,0,49850,1422444,49853,2426000,46338,47,Stencil::Java::Compute::Start,
49749,0,49950,1422444,49954,2426000,46436,47,Stencil::Java::Compute::Start,
49849,0,50051,1422444,50057,2426000,46537,47,Stencil::Java::Compute::Start,
49949,0,50151,1422320,50155,2426000,46637,47,Stencil::Java::Compute::Start,
50050,0,50251,1422320,50259,2426000,46737,47,Stencil::Java::Compute::Start,
50150,0,50352,1422444,50356,2426000,46837,47,Stencil::Java::Compute::Start,
50251,0,50452,1422320,50456,2426000,46938,47,Stencil::Java::Compute::Start,
50351,0,50553,1422320,50557,2426000,47038,47,Stencil::Java::Compute::Start,
50451,0,50653,1422444,50657,2426000,47138,47,Stencil::Java::Compute::Start,
50552,0,50754,1422320,50758,2426000,47239,47,Stencil::Java::Compute::Start,
50652,0,50854,1422320,50858,2397000,47339,47,Stencil::Java::Compute::Start,
50753,0,50954,1422320,50958,2397000,47439,47,Stencil::Java::Compute::Start,
50853,0,51055,1422320,51058,2397000,47540,47,Stencil::Java::Compute::Start,
50953,0,51155,1422320,51159,2397000,47641,47,Stencil::Java::Compute::Start,
51054,0,51256,1422320,51265,2397000,47741,47,Stencil::Java::Compute::Start,
51154,0,51356,1422444,51360,2397000,47842,47,Stencil::Java::Compute::Start,
51255,0,51456,1422444,51460,2397000,47942,47,Stencil::Java::Compute::Start,
51355,0,51557,1422444,51561,2397000,48043,47,Stencil::Java::Compute::Start,
51455,0,51657,1422444,51661,2397000,48143,47,Stencil::Java::Compute::Start,
51556,0,51757,1422444,51761,2397000,48243,47,Stencil::Java::Compute::Start,
51656,0,51858,1422568,51862,2437000,48343,47,Stencil::Java::Compute::Start,
51756,0,51958,1422568,51962,2437000,48444,47,Stencil::Java::Compute::Start,
51857,0,52058,1422568,52064,2437000,48544,47,Stencil::Java::Compute::Start,
51957,0,52159,1422568,52163,2437000,48645,47,Stencil::Java::Compute::Start,
52058,0,52260,1422568,52264,2437000,48746,47,Stencil::Java::Compute::Start,
52158,0,52360,1422568,52364,2437000,48846,47,Stencil::Java::Compute::Start,
52259,0,52460,1422568,52464,2437000,48947,47,Stencil::Java::Compute::Start,
52359,0,52561,1422568,52564,2437000,49047,47,Stencil::Java::Compute::Start,
52459,0,52662,1422816,52665,2437000,49148,47,Stencil::Java::Compute::Start,
52560,0,52762,1441292,52766,2437000,49248,47,Stencil::Java::Compute::Start,
52661,0,52863,1488040,52866,2331000,49348,47,Stencil::Java::Compute::Start,
52762,0,52963,1515444,52967,2331000,49449,47,Stencil::Java::Compute::Start,
52862,0,53063,1554504,53067,2331000,49549,47,Stencil::Java::Compute::Start,
52962,0,53164,1557232,53168,2331000,49649,47,Stencil::Java::Compute::Start,
53063,0,53264,1557232,53268,2331000,49750,47,Stencil::Java::Compute::Start,
53163,0,53364,1557552,53368,2331000,49850,47,Stencil::Java::Compute::Start,
53263,0,53465,1557800,53469,2331000,49950,47,Stencil::Java::Compute::Start,
53364,0,53565,1557568,53570,2331000,50051,47,Stencil::Java::Compute::Start,
53464,0,53666,1557916,53670,2331000,50152,47,Stencil::Java::Compute::Start,
53564,0,53766,1558040,53770,2331000,50252,47,Stencil::Java::Compute::Start,
53665,0,53867,1557908,53873,3370000,50352,47,Stencil::Java::Compute::Start,
53765,0,53967,1557908,53973,3370000,50453,47,Stencil::Java::Compute::Start,
53866,0,54067,1557892,54071,3370000,50553,47,Stencil::Java::Compute::Start,
53966,0,54168,1557760,54171,3370000,50653,47,Stencil::Java::Compute::Start,
54066,0,54268,1557956,54273,3370000,50754,47,Stencil::Java::Compute::Start,
54167,0,54368,1557940,54372,3370000,50854,47,Stencil::Java::Compute::Start,
54267,0,54469,1557956,54473,3370000,50954,47,Stencil::Java::Compute::Start,
54368,0,54571,1557832,54575,3370000,51055,47,Stencil::Java::Compute::Start,
54468,0,54671,1557832,54675,3370000,51155,47,Stencil::Java::Compute::Start,
54570,0,54772,1557880,54775,3370000,51256,47,Stencil::Java::Compute::Start,
54671,0,54872,1558344,54876,4371000,51356,47,Stencil::Java::Compute::Start,
54771,0,54972,1558080,54976,4371000,51457,47,Stencil::Java::Compute::Start,
54871,0,55073,1558196,55077,4371000,51557,47,Stencil::Java::Compute::Start,
54972,0,55173,1558064,55176,4371000,51657,47,Stencil::Java::Compute::Start,
55072,0,55274,1558048,55277,4371000,51757,47,Stencil::Java::Compute::Start,
55172,0,55374,1557900,55378,4371000,51858,47,Stencil::Java::Compute::Start,
55273,0,55474,1557908,55479,4371000,51958,47,Stencil::Java::Compute::Start,
55373,0,55575,1558032,55578,4371000,52059,47,Stencil::Java::Compute::Start,
55474,0,55675,1558628,55680,4371000,52159,47,Stencil::Java::Compute::Start,
55574,0,55775,1558716,55779,4371000,52260,47,Stencil::Java::Compute::Start,
55674,0,55876,1558708,55880,4442000,52360,47,Stencil::Java::Compute::Start,
55775,0,55976,1558816,55980,4442000,52461,47,Stencil::Java::Compute::Start,
55875,0,56077,1558932,56081,4442000,52561,47,Stencil::Java::Compute::Start,
55976,0,56177,1559164,56181,4442000,52582,48,Stencil::Java::Compute::Stop,
56076,0,56277,1559016,56281,4442000,52662,48,Stencil::Java::Compute::Stop,
56176,0,56378,1559016,56381,4442000,52680,0,:: :: :: ::,
56277,0,56479,1559296,56483,4442000,52710,757,Stencil::JavaThreaded::IO::Start,
56377,0,56581,1559172,56584,4442000,52763,757,Stencil::JavaThreaded::IO::Start,
56479,0,56681,1559172,56685,4442000,52863,757,Stencil::JavaThreaded::IO::Start,
56580,0,56782,1559236,56785,4442000,52963,757,Stencil::JavaThreaded::IO::Start,
56680,0,56882,1559204,56886,4462000,53064,757,Stencil::JavaThreaded::IO::Start,
56781,0,56982,1558948,56986,4462000,53076,758,Stencil::JavaThreaded::IO::Stop,
56881,0,57083,1559080,57086,4462000,53079,860,Stencil::JavaThreaded::Allocate::Start,
56982,0,57183,1559220,57187,4462000,53084,861,Stencil::JavaThreaded::Allocate::Stop,
57082,0,57283,1559220,57287,4462000,53164,861,Stencil::JavaThreaded::Allocate::Stop,
57182,0,57387,1559684,57390,4462000,53175,824,Stencil::JavaThreaded::Compute::Start,
57283,0,57487,1559684,57491,4462000,53264,824,Stencil::JavaThreaded::Compute::Start,
57386,0,57587,1559528,57591,4462000,53365,824,Stencil::JavaThreaded::Compute::Start,
57486,0,57689,1559520,57695,4462000,53465,824,Stencil::JavaThreaded::Compute::Start,
57587,0,57788,1559560,57792,4462000,53566,824,Stencil::JavaThreaded::Compute::Start,
57687,0,57889,1559304,57892,4460000,53666,824,Stencil::JavaThreaded::Compute::Start,
57787,0,57989,1559544,57992,4460000,53766,824,Stencil::JavaThreaded::Compute::Start,
57888,0,58090,1559528,58093,4460000,53867,824,Stencil::JavaThreaded::Compute::Start,
57988,0,58190,1559512,58193,4460000,53968,824,Stencil::JavaThreaded::Compute::Start,
58089,0,58290,1559368,58294,4460000,54067,824,Stencil::JavaThreaded::Compute::Start,
58189,0,58391,1559368,58394,4460000,54168,824,Stencil::JavaThreaded::Compute::Start,
58289,0,58491,1559368,58495,4460000,54268,824,Stencil::JavaThreaded::Compute::Start,
58390,0,58593,1559368,58596,4460000,54369,824,Stencil::JavaThreaded::Compute::Start,
58490,0,58692,1559384,58695,4460000,54469,824,Stencil::JavaThreaded::Compute::Start,
58591,0,58792,1559180,58796,4460000,54572,824,Stencil::JavaThreaded::Compute::Start,
58691,0,58892,1559196,58896,4435000,54671,824,Stencil::JavaThreaded::Compute::Start,
58791,0,58993,1559188,58997,4435000,54772,824,Stencil::JavaThreaded::Compute::Start,
58892,0,59093,1559188,59097,4435000,54872,824,Stencil::JavaThreaded::Compute::Start,
58992,0,59194,1559188,59198,4435000,54973,824,Stencil::JavaThreaded::Compute::Start,
59093,0,59294,1559188,59298,4435000,55073,824,Stencil::JavaThreaded::Compute::Start,
59193,0,59395,1558988,59398,4435000,55173,824,Stencil::JavaThreaded::Compute::Start,
59293,0,59495,1559120,59499,4435000,55274,824,Stencil::JavaThreaded::Compute::Start,
59394,0,59596,1559120,59601,4435000,55374,824,Stencil::JavaThreaded::Compute::Start,
59494,0,59696,1559120,59701,4435000,55475,824,Stencil::JavaThreaded::Compute::Start,
59595,0,59798,1559096,59802,4435000,55575,824,Stencil::JavaThreaded::Compute::Start,
59695,0,59897,1559436,59901,4439000,55675,824,Stencil::JavaThreaded::Compute::Start,
59796,0,59998,1559188,60002,4439000,55776,824,Stencil::JavaThreaded::Compute::Start,
59896,0,60099,1559188,60102,4439000,55876,824,Stencil::JavaThreaded::Compute::Start,
59997,0,60199,1559188,60203,4439000,55977,824,Stencil::JavaThreaded::Compute::Start,
60098,0,60299,1559188,60303,4439000,56077,824,Stencil::JavaThreaded::Compute::Start,
60198,0,60400,1559188,60404,4439000,56177,824,Stencil::JavaThreaded::Compute::Start,
60298,0,60500,1559188,60504,4439000,56278,824,Stencil::JavaThreaded::Compute::Start,
60399,0,60600,1559360,60604,4439000,56378,824,Stencil::JavaThreaded::Compute::Start,
60499,0,60701,1559452,60705,4439000,56480,824,Stencil::JavaThreaded::Compute::Start,
60600,0,60801,1559444,60805,4439000,56581,824,Stencil::JavaThreaded::Compute::Start,
60700,0,60902,1559476,60905,4354000,56681,824,Stencil::JavaThreaded::Compute::Start,
60800,0,61002,1559484,61006,4354000,56782,824,Stencil::JavaThreaded::Compute::Start,
60901,0,61102,1559460,61108,4354000,56882,824,Stencil::JavaThreaded::Compute::Start,
61001,0,61203,1559468,61208,0,56983,824,Stencil::JavaThreaded::Compute::Start,
61101,0,61303,1559336,61312,4354000,57083,824,Stencil::JavaThreaded::Compute::Start,
61202,0,61403,1559336,61408,4354000,57183,824,Stencil::JavaThreaded::Compute::Start,
61226,0,61504,1559336,61508,4354000,57284,824,Stencil::JavaThreaded::Compute::Start,
61302,0,61604,1559336,61608,4354000,57387,824,Stencil::JavaThreaded::Compute::Start,
61403,0,61705,1559228,61709,4354000,57487,824,Stencil::JavaThreaded::Compute::Start,
61503,0,61805,1559320,61809,4354000,57588,824,Stencil::JavaThreaded::Compute::Start,
61604,0,61905,1559320,61911,4434000,57690,824,Stencil::JavaThreaded::Compute::Start,
61704,0,62006,1559320,62010,4434000,57788,824,Stencil::JavaThreaded::Compute::Start,
61804,0,62106,1559288,62110,4434000,57889,824,Stencil::JavaThreaded::Compute::Start,
61905,0,62207,1559296,62210,4434000,57989,824,Stencil::JavaThreaded::Compute::Start,
62005,0,62308,1559504,62313,4434000,58090,824,Stencil::JavaThreaded::Compute::Start,
62105,0,62408,1559380,62411,4434000,58190,824,Stencil::JavaThreaded::Compute::Start,
62206,0,62508,1559420,62512,4434000,58290,824,Stencil::JavaThreaded::Compute::Start,
62306,0,62609,1559404,62614,4434000,58391,824,Stencil::JavaThreaded::Compute::Start,
62407,0,62709,1559280,62714,4434000,58491,824,Stencil::JavaThreaded::Compute::Start,
62507,0,62809,1559204,62813,4473000,58593,824,Stencil::JavaThreaded::Compute::Start,
62608,0,62909,1559204,62912,4473000,58692,824,Stencil::JavaThreaded::Compute::Start,
62708,0,63010,1559072,63013,4473000,58792,824,Stencil::JavaThreaded::Compute::Start,
62808,0,63110,1559064,63114,4473000,58893,824,Stencil::JavaThreaded::Compute::Start,
62909,0,63210,1559304,63214,4473000,58993,824,Stencil::JavaThreaded::Compute::Start,
63009,0,63311,1559280,63315,4473000,59094,824,Stencil::JavaThreaded::Compute::Start,
63109,0,63411,1559520,63416,4473000,59194,824,Stencil::JavaThreaded::Compute::Start,
63210,0,63512,1559484,63517,4473000,59294,824,Stencil::JavaThreaded::Compute::Start,
63310,0,63612,1559676,63618,4473000,59395,824,Stencil::JavaThreaded::Compute::Start,
63410,0,63712,1559908,63718,4473000,59495,824,Stencil::JavaThreaded::Compute::Start,
63511,0,63813,1559824,63817,4480000,59596,824,Stencil::JavaThreaded::Compute::Start,
63611,0,63913,1559816,63917,4480000,59696,824,Stencil::JavaThreaded::Compute::Start,
63712,0,64013,1559816,64017,4480000,59798,824,Stencil::JavaThreaded::Compute::Start,
63812,0,64114,1559632,64118,4480000,59897,824,Stencil::JavaThreaded::Compute::Start,
63912,0,64214,1559632,64218,4480000,59998,824,Stencil::JavaThreaded::Compute::Start,
64013,0,64315,1559632,64319,4480000,60099,824,Stencil::JavaThreaded::Compute::Start,
64113,0,64415,1559632,64419,4480000,60199,824,Stencil::JavaThreaded::Compute::Start,
64214,0,64516,1559632,64519,4480000,60300,824,Stencil::JavaThreaded::Compute::Start,
64314,0,64616,1559824,64620,4480000,60400,824,Stencil::JavaThreaded::Compute::Start,
64414,0,64716,1560032,64720,4480000,60500,824,Stencil::JavaThreaded::Compute::Start,
64515,0,64817,1560196,64821,4479000,60601,824,Stencil::JavaThreaded::Compute::Start,
64615,0,64917,1560312,64921,4479000,60701,824,Stencil::JavaThreaded::Compute::Start,
64716,0,65017,1560180,65021,4479000,60801,824,Stencil::JavaThreaded::Compute::Start,
64816,0,65118,1560088,65122,4479000,60902,824,Stencil::JavaThreaded::Compute::Start,
64916,0,65218,1559956,65222,4479000,61002,824,Stencil::JavaThreaded::Compute::Start,
65017,0,65319,1560204,65323,4479000,61104,824,Stencil::JavaThreaded::Compute::Start,
65117,0,65419,1559948,65426,4479000,61203,824,Stencil::JavaThreaded::Compute::Start,
65217,0,65520,1559824,65525,4479000,61303,824,Stencil::JavaThreaded::Compute::Start,
65318,0,65620,1559824,65625,4479000,61404,824,Stencil::JavaThreaded::Compute::Start,
65419,0,65720,1559816,65726,4479000,61504,824,Stencil::JavaThreaded::Compute::Start,
65519,0,65821,1559824,65825,4455000,61605,824,Stencil::JavaThreaded::Compute::Start,
65619,0,65921,1559824,65926,4455000,61705,824,Stencil::JavaThreaded::Compute::Start,
65720,0,66023,1559988,66027,4455000,61806,824,Stencil::JavaThreaded::Compute::Start,
65820,0,66124,1559988,66128,4455000,61906,824,Stencil::JavaThreaded::Compute::Start,
65921,0,66224,1559988,66228,4455000,62006,824,Stencil::JavaThreaded::Compute::Start,
66022,0,66324,1559988,66328,4455000,62106,824,Stencil::JavaThreaded::Compute::Start,
66123,0,66425,1559848,66429,4455000,62207,824,Stencil::JavaThreaded::Compute::Start,
66223,0,66525,1559848,66529,4455000,62309,824,Stencil::JavaThreaded::Compute::Start,
66324,0,66625,1559848,66629,4455000,62408,824,Stencil::JavaThreaded::Compute::Start,
66424,0,66726,1559716,66730,4455000,62508,824,Stencil::JavaThreaded::Compute::Start,
66524,0,66826,1559584,66830,4493000,62609,824,Stencil::JavaThreaded::Compute::Start,
66625,0,66927,1559940,66931,4493000,62709,824,Stencil::JavaThreaded::Compute::Start,
66725,0,67027,1560336,67031,4493000,62809,824,Stencil::JavaThreaded::Compute::Start,
66825,0,67127,1560320,67130,4493000,62910,824,Stencil::JavaThreaded::Compute::Start,
66926,0,67228,1561104,67231,4493000,63010,824,Stencil::JavaThreaded::Compute::Start,
67026,0,67328,1561204,67331,4493000,63110,824,Stencil::JavaThreaded::Compute::Start,
67126,0,67428,1561212,67432,4493000,63211,824,Stencil::JavaThreaded::Compute::Start,
67227,0,67529,1561104,67533,4493000,63311,824,Stencil::JavaThreaded::Compute::Start,
67327,0,67629,1560964,67633,4493000,63412,824,Stencil::JavaThreaded::Compute::Start,
67428,0,67730,1560948,67736,4493000,63512,824,Stencil::JavaThreaded::Compute::Start,
67528,0,67830,1560832,67834,4646000,63612,824,Stencil::JavaThreaded::Compute::Start,
67628,0,67931,1560948,67935,4646000,63713,824,Stencil::JavaThreaded::Compute::Start,
67729,0,68032,1561040,68035,4646000,63813,824,Stencil::JavaThreaded::Compute::Start,
67829,0,68132,1561048,68135,4646000,63913,824,Stencil::JavaThreaded::Compute::Start,
67931,0,68233,1561280,68239,4646000,64014,824,Stencil::JavaThreaded::Compute::Start,
68031,0,68333,1563980,68358,4646000,64114,824,Stencil::JavaThreaded::Compute::Start,
68131,0,68433,1566508,68437,4646000,64215,824,Stencil::JavaThreaded::Compute::Start,
68232,0,68534,1566360,68537,4646000,64315,824,Stencil::JavaThreaded::Compute::Start,
68332,0,68634,1566360,68637,4646000,64416,824,Stencil::JavaThreaded::Compute::Start,
68433,0,68735,1566392,68737,4646000,64516,824,Stencil::JavaThreaded::Compute::Start,
68533,0,68835,1566256,68838,3558000,64616,824,Stencil::JavaThreaded::Compute::Start,
68633,0,68935,1566628,68938,3558000,64717,824,Stencil::JavaThreaded::Compute::Start,
68734,0,69035,1566752,69038,3558000,64817,824,Stencil::JavaThreaded::Compute::Start,
68834,0,69136,1566876,69139,3558000,64917,824,Stencil::JavaThreaded::Compute::Start,
68934,0,69236,1566876,69239,3558000,65018,824,Stencil::JavaThreaded::Compute::Start,
69035,0,69336,1566876,69339,3558000,65118,824,Stencil::JavaThreaded::Compute::Start,
69135,0,69438,1565140,69443,3558000,65219,824,Stencil::JavaThreaded::Compute::Start,
69235,0,69538,1564284,69542,3558000,65319,824,Stencil::JavaThreaded::Compute::Start,
69336,0,69639,1564312,69642,3558000,65420,824,Stencil::JavaThreaded::Compute::Start,
69436,0,69739,1569676,69742,3558000,65520,824,Stencil::JavaThreaded::Compute::Start,
69537,0,69840,1569676,69843,3379000,65620,824,Stencil::JavaThreaded::Compute::Start,
69638,0,69940,1568664,69943,3379000,65721,824,Stencil::JavaThreaded::Compute::Start,
69738,0,70040,1568640,70044,3379000,65821,824,Stencil::JavaThreaded::Compute::Start,
69839,0,70140,1568888,70144,3379000,65923,824,Stencil::JavaThreaded::Compute::Start,
69939,0,70241,1568804,70245,3379000,66023,824,Stencil::JavaThreaded::Compute::Start,
70039,0,70341,1568540,70345,3379000,66124,824,Stencil::JavaThreaded::Compute::Start,
70140,0,70444,1564524,70447,3379000,66224,824,Stencil::JavaThreaded::Compute::Start,
70240,0,70542,1564476,70545,3379000,66325,824,Stencil::JavaThreaded::Compute::Start,
70340,0,70642,1564352,70645,3379000,66425,824,Stencil::JavaThreaded::Compute::Start,
70441,0,70744,1564352,70747,3379000,66525,824,Stencil::JavaThreaded::Compute::Start,
70542,0,70844,1564344,70850,2485000,66626,824,Stencil::JavaThreaded::Compute::Start,
70642,0,70957,1563336,70964,2485000,66726,824,Stencil::JavaThreaded::Compute::Start,
70742,0,71059,1563296,71067,2485000,66826,824,Stencil::JavaThreaded::Compute::Start,
70843,0,71163,1563296,71173,2485000,66927,824,Stencil::JavaThreaded::Compute::Start,
70951,0,71269,1563296,71277,2485000,67027,824,Stencil::JavaThreaded::Compute::Start,
71056,0,71387,1563296,71394,2485000,67128,824,Stencil::JavaThreaded::Compute::Start,
71160,0,71474,1563296,71483,2485000,67228,824,Stencil::JavaThreaded::Compute::Start,
71264,0,71577,1563296,71583,2485000,67328,824,Stencil::JavaThreaded::Compute::Start,
71384,0,71632,1563296,71641,2485000,67429,824,Stencil::JavaThreaded::Compute::Start,
71470,0,71728,1563544,71737,2485000,67529,824,Stencil::JavaThreaded::Compute::Start,
71574,0,71883,1563528,71894,854000,67629,824,Stencil::JavaThreaded::Compute::Start,
71628,0,71996,1563528,72002,854000,67731,824,Stencil::JavaThreaded::Compute::Start,
71727,0,72043,1563528,72050,854000,67831,824,Stencil::JavaThreaded::Compute::Start,
71880,0,72147,1563528,72157,854000,67932,824,Stencil::JavaThreaded::Compute::Start,
71994,0,72250,1563528,72260,854000,68004,825,Stencil::JavaThreaded::Compute::Stop,
72040,0,72353,1563528,72364,854000,68032,825,Stencil::JavaThreaded::Compute::Stop,
72142,0,72453,1563528,72461,854000,68081,0,:: :: :: ::,
72246,0,72558,1563528,72568,854000,68122,499,Stencil::RenderScript::IO::Start,
72350,0,72662,1563528,72672,854000,68132,499,Stencil::RenderScript::IO::Start,
72452,0,72765,1563280,72781,854000,68234,499,Stencil::RenderScript::IO::Start,
72555,0,72872,1563280,72888,830000,68275,500,Stencil::RenderScript::IO::Stop,
72659,0,72992,1563280,73012,830000,68277,690,Stencil::RenderScript::Allocate::Start,
72763,0,73072,1563280,73078,830000,68294,691,Stencil::RenderScript::Allocate::Stop,
72868,0,73176,1563280,73182,830000,68296,83,Stencil::RenderScript::Init::Start,
72973,0,73284,1563280,73292,830000,68304,84,Stencil::RenderScript::Init::Stop,
73071,0,73386,1563280,73394,830000,68307,400,Stencil::RenderScript::Setup::Start,
73174,0,73480,1560924,73484,830000,68308,401,Stencil::RenderScript::Setup::Stop,
73280,0,73580,1562040,73584,830000,68310,690,Stencil::RenderScript::Allocate::Start,
73379,0,73680,1563776,73685,830000,68333,690,Stencil::RenderScript::Allocate::Start,
73479,0,73781,1564436,73786,830000,68396,691,Stencil::RenderScript::Allocate::Stop,
73579,0,73881,1565544,73886,1262000,68397,205,Stencil::RenderScript::CopyTo::Start,
73679,0,73982,1564924,73986,1262000,68398,206,Stencil::RenderScript::CopyTo::Stop,
73780,0,74083,1557772,74087,1262000,68399,189,Stencil::RenderScript::SetupArgs::Start,
73880,0,74182,1557772,74186,1262000,68401,190,Stencil::RenderScript::SetupArgs::Stop,
73981,0,74283,1567372,74287,1262000,68434,190,Stencil::RenderScript::SetupArgs::Stop,
74081,0,74383,1570160,74387,1262000,68487,386,Stencil::RenderScript::Compute::Start,
74181,0,74484,1570160,74488,1262000,68534,386,Stencil::RenderScript::Compute::Start,
74282,0,74584,1569972,74588,1262000,68635,386,Stencil::RenderScript::Compute::Start,
74382,0,74687,1569784,74692,1262000,68735,386,Stencil::RenderScript::Compute::Start,
74483,0,74785,1569784,74789,1262000,68835,386,Stencil::RenderScript::Compute::Start,
74583,0,74886,1570288,74890,2036000,68935,386,Stencil::RenderScript::Compute::Start,
74685,0,74987,1569916,74991,2036000,69036,386,Stencil::RenderScript::Compute::Start,
74784,0,75087,1556888,75091,2036000,69136,386,Stencil::RenderScript::Compute::Start,
74885,0,75188,1556888,75192,2036000,69236,386,Stencil::RenderScript::Compute::Start,
74986,0,75289,1556888,75293,2036000,69246,387,Stencil::RenderScript::Compute::Stop,
75087,0,75390,1564872,75396,2036000,69247,124,Stencil::RenderScript::CopyFrom::Start,
75187,0,75490,1564872,75495,2036000,69249,125,Stencil::RenderScript::CopyFrom::Stop,
75287,0,75591,1564872,75596,2036000,69337,125,Stencil::RenderScript::CopyFrom::Stop,
75388,0,75691,1564872,75698,2036000,69391,0,:: :: :: ::,
75489,0,75792,1564904,75796,2036000,69439,0,:: :: :: ::,
75589,0,75893,1564880,75897,1737000,69441,76,Stencil::OpenCL(GPU)::IO::Start,
75690,0,75994,1564880,75998,1737000,69538,76,Stencil::OpenCL(GPU)::IO::Start,
75791,0,76094,1566928,76098,1737000,69625,77,Stencil::OpenCL(GPU)::IO::Stop,
75891,0,76197,1566928,76201,1737000,69626,515,Stencil::OpenCL(GPU)::Allocate::Start,
75993,0,76300,1566928,76305,1737000,69628,516,Stencil::OpenCL(GPU)::Allocate::Stop,
76093,0,76397,1566928,76401,1737000,69629,302,Stencil::OpenCL(GPU)::Init::Start,
76195,0,76497,1566928,76501,1737000,69630,303,Stencil::OpenCL(GPU)::Init::Stop,
76295,0,76597,1566928,76601,1737000,69631,219,Stencil::OpenCL(GPU)::Compile::Start,
76396,0,76698,1566928,76702,1737000,69639,219,Stencil::OpenCL(GPU)::Compile::Start,
76496,0,76798,1566928,76802,1737000,69709,220,Stencil::OpenCL(GPU)::Compile::Stop,
76597,0,76899,1566936,76903,1662000,69710,89,Stencil::OpenCL(GPU)::Setup::Start,
76697,0,76999,1566936,77003,1662000,69711,90,Stencil::OpenCL(GPU)::Setup::Stop,
76797,0,77100,1566936,77105,1662000,69712,515,Stencil::OpenCL(GPU)::Allocate::Start,
76898,0,77201,1566936,77206,1662000,69716,516,Stencil::OpenCL(GPU)::Allocate::Stop,
76998,0,77301,1571032,77309,1662000,69718,918,Stencil::OpenCL(GPU)::CopyTo::Start,
77099,0,77402,1571032,77409,1662000,69722,919,Stencil::OpenCL(GPU)::CopyTo::Stop,
77199,0,77502,1571032,77511,1662000,69739,919,Stencil::OpenCL(GPU)::CopyTo::Stop,
77300,0,77606,1571032,77610,1662000,69799,439,Stencil::OpenCL(GPU)::Compute::Start,
77400,0,77703,1571032,77707,1662000,69840,439,Stencil::OpenCL(GPU)::Compute::Start,
77501,0,77803,1571032,77808,1662000,69940,439,Stencil::OpenCL(GPU)::Compute::Start,
77601,0,77904,1571032,77908,1662000,70040,439,Stencil::OpenCL(GPU)::Compute::Start,
77702,0,78004,1571032,78009,1662000,70141,439,Stencil::OpenCL(GPU)::Compute::Start,
77802,0,78104,1571032,78109,1662000,70241,439,Stencil::OpenCL(GPU)::Compute::Start,
77902,0,78205,1571032,78210,1662000,70342,439,Stencil::OpenCL(GPU)::Compute::Start,
78003,0,78305,1566688,78309,1662000,70425,440,Stencil::OpenCL(GPU)::Compute::Stop,
78103,0,78406,1575640,78414,1662000,70426,997,Stencil::OpenCL(GPU)::CopyFrom::Start,
78204,0,78506,1584608,78511,1662000,70429,998,Stencil::OpenCL(GPU)::CopyFrom::Stop,
78304,0,78607,1582576,78614,1662000,70430,634,Stencil::OpenCL(GPU)::Free::Start,
78404,0,78708,1582716,78712,1662000,70433,635,Stencil::OpenCL(GPU)::Free::Stop,
78505,0,78807,1582716,78812,1662000,70444,635,Stencil::OpenCL(GPU)::Free::Stop,
78606,0,78908,1582716,78913,2027000,70543,635,Stencil::OpenCL(GPU)::Free::Stop,
78706,0,79009,1582716,79014,2027000,70603,0,:: :: :: ::,
78807,0,79112,1582716,79117,2027000,70643,0,:: :: :: ::,
78907,0,79210,1582840,79214,2027000,70744,0,:: :: :: ::,
79008,0,79310,1582840,79314,2027000,70845,0,:: :: :: ::,
79108,0,79411,1582840,79414,2027000,70958,0,:: :: :: ::,
79209,0,79517,1592048,79524,2027000,71060,0,:: :: :: ::,
79309,0,79615,1592048,79620,2027000,71166,0,:: :: :: ::,
79409,0,79717,1592048,79722,2027000,71270,0,:: :: :: ::,
79513,0,79816,1592064,79819,2027000,71387,0,:: :: :: ::,
79614,0,79917,1592064,79921,1793000,71476,0,:: :: :: ::,
79714,0,80017,1592064,80022,1793000,71577,0,:: :: :: ::,
79815,0,80117,1592064,80122,1793000,71633,0,:: :: :: ::,
79915,0,80218,1590592,80228,1793000,71731,0,:: :: :: ::,
80015,0,80318,1592408,80321,1793000,71883,0,:: :: :: ::,
80116,0,80419,1592812,80422,1793000,71996,0,:: :: :: ::,
80217,0,80519,1606872,80523,1793000,72044,0,:: :: :: ::,
80318,0,80620,1606016,80623,1793000,72148,0,:: :: :: ::,
80418,0,80722,1606132,80726,1793000,72251,0,:: :: :: ::,
80518,0,80821,1605992,80824,1793000,72354,0,:: :: :: ::,
80619,0,80922,1605992,80926,2482000,72454,0,:: :: :: ::,
80719,0,81022,1605992,81026,2482000,72559,0,:: :: :: ::,
80820,0,81123,1605992,81127,2482000,72663,0,:: :: :: ::,
80920,0,81223,1605868,81227,2482000,72772,0,:: :: :: ::,
81021,0,81324,1605868,81328,2482000,72880,0,:: :: :: ::,
81121,0,81424,1605868,81428,2482000,73005,0,:: :: :: ::,
81222,0,81524,1605868,81529,2482000,73073,0,:: :: :: ::,
81322,0,81625,1605868,81628,2482000,73176,0,:: :: :: ::,
81423,0,81725,1605868,81729,2482000,73285,0,:: :: :: ::,
81523,0,81826,1605868,81829,2482000,73387,0,:: :: :: ::,
81624,0,81926,1605868,81930,1461000,73480,0,:: :: :: ::,
81724,0,82027,1605868,82031,1461000,73580,0,:: :: :: ::,
81824,0,82130,1605868,82134,1461000,73681,0,:: :: :: ::,
81925,0,82228,1605868,82231,1461000,73781,0,:: :: :: ::,
82026,0,82328,1605868,82332,1461000,73882,0,:: :: :: ::,
82126,0,82429,1605868,82432,1461000,73982,0,:: :: :: ::,
82226,0,82529,1605868,82533,1461000,74083,0,:: :: :: ::,
82327,0,82630,1605868,82634,1461000,74182,0,:: :: :: ::,
82427,0,82730,1605868,82734,1461000,74283,0,:: :: :: ::,
82528,0,82831,1605868,82835,1441000,74383,0,:: :: :: ::,
82628,0,82931,1605868,82935,1441000,74484,0,:: :: :: ::,
82729,0,83032,1605868,83036,1441000,74584,0,:: :: :: ::,
82829,0,83132,1605868,83136,1441000,74688,0,:: :: :: ::,
82930,0,83233,1605868,83238,1441000,74785,0,:: :: :: ::,
83030,0,83335,1604880,83339,1441000,74886,0,:: :: :: ::,
83131,0,83385,1604880,83396,1441000,74987,0,:: :: :: ::,
83231,0,83491,1604840,83533,1441000,75088,0,:: :: :: ::,
83334,0,83590,1605088,83594,1441000,75188,0,:: :: :: ::,
83384,0,83690,1605212,83693,1441000,75289,0,:: :: :: ::,
83489,0,83791,1605212,83794,1441000,75391,0,:: :: :: ::,
83589,0,83896,1605136,83903,1408000,75491,0,:: :: :: ::,
83689,0,83994,1605100,84004,1408000,75592,0,:: :: :: ::,
83790,0,84093,1605100,84103,1408000,75692,0,:: :: :: ::,
83891,0,84194,1611860,84197,1408000,75792,0,:: :: :: ::,
83991,0,84294,1614836,84298,1408000,75893,0,:: :: :: ::,
84092,0,84395,1614836,84397,1408000,75994,0,:: :: :: ::,
84193,0,84495,1614836,84499,1408000,76094,0,:: :: :: ::,
84293,0,84596,1614836,84599,1408000,76197,0,:: :: :: ::,
84394,0,84696,1614836,84699,1408000,76300,0,:: :: :: ::,
84494,0,84796,1614836,84799,1408000,76397,0,:: :: :: ::,
84594,0,84897,1614828,84900,1807000,76497,0,:: :: :: ::,
84695,0,84999,1615200,85002,1807000,76598,0,:: :: :: ::,
84795,0,85099,1615200,85102,1807000,76698,0,:: :: :: ::,
84896,0,85200,1615200,85204,1807000,76798,0,:: :: :: ::,
84996,0,85300,1615200,85304,1807000,76899,0,:: :: :: ::,
85098,0,85400,1615324,85403,1807000,76999,0,:: :: :: ::,
85198,0,85501,1615324,85504,1807000,77101,0,:: :: :: ::,
85299,0,85601,1615324,85604,1807000,77201,0,:: :: :: ::,
85399,0,85701,1615324,85705,1807000,77302,0,:: :: :: ::,
85500,0,85802,1615324,85806,1807000,77402,0,:: :: :: ::,
85600,0,85902,1615200,85907,1856000,77506,0,:: :: :: ::,
85700,0,86002,1615200,86007,1856000,77606,0,:: :: :: ::,
85801,0,86103,1615200,86107,1856000,77703,0,:: :: :: ::,
85901,0,86204,1615200,86209,1856000,77804,0,:: :: :: ::,
86002,0,86307,1615200,86311,1856000,77904,0,:: :: :: ::,
86102,0,86404,1615200,86410,1856000,78004,0,:: :: :: ::,
86202,0,86505,1615200,86509,1856000,78105,0,:: :: :: ::,
86303,0,86606,1615200,86610,1856000,78206,0,:: :: :: ::,
86403,0,86705,1615200,86709,1856000,78305,0,:: :: :: ::,
86504,0,86807,1615200,86811,1856000,78406,0,:: :: :: ::,
86604,0,86907,1615200,86911,1689000,78506,0,:: :: :: ::,
86704,0,87008,1615200,87011,1689000,78610,0,:: :: :: ::,
86805,0,87109,1615200,87113,1689000,78708,0,:: :: :: ::,
86906,0,87209,1615200,87214,1689000,78808,0,:: :: :: ::,
87007,0,87309,1615200,87314,1689000,78909,0,:: :: :: ::,
87107,0,87410,1615200,87415,1689000,79010,0,:: :: :: ::,
87208,0,87511,1615200,87515,1689000,79113,0,:: :: :: ::,
87308,0,87611,1615200,87616,1689000,79210,0,:: :: :: ::,
87409,0,87714,1615448,87719,1689000,79311,0,:: :: :: ::,
87509,0,87813,1615448,87819,1689000,79411,0,:: :: :: ::,
87610,0,87913,1615448,87918,1624000,79517,0,:: :: :: ::,
87710,0,88014,1615448,88019,1624000,79615,0,:: :: :: ::,
87812,0,88114,1615448,88119,1624000,79717,0,:: :: :: ::,
87912,0,88215,1615448,88220,1624000,79816,0,:: :: :: ::,
88012,0,88315,1615448,88320,1624000,79917,0,:: :: :: ::,
88113,0,88416,1615448,88421,1624000,80017,0,:: :: :: ::,
88213,0,88516,1615448,88521,1624000,80118,0,:: :: :: ::,
88314,0,88617,1615448,88621,1624000,80219,0,:: :: :: ::,
88414,0,88717,1615448,88722,1624000,80319,0,:: :: :: ::,
88515,0,88818,1615448,88822,1624000,80419,0,:: :: :: ::,
88615,0,88918,1615448,88923,1465000,80519,0,:: :: :: ::,
88716,0,89018,1615448,89022,1465000,80620,0,:: :: :: ::,
88816,0,89122,1615448,89128,1465000,80722,0,:: :: :: ::,
88917,0,89219,1615572,89223,1465000,80821,0,:: :: :: ::,
89017,0,89319,1615448,89323,1465000,80922,0,:: :: :: ::,
89118,0,89420,1615564,89424,1465000,81023,0,:: :: :: ::,
89218,0,89521,1615564,89526,1465000,81123,0,:: :: :: ::,
89318,0,89622,1615564,89627,1465000,81223,0,:: :: :: ::,
89419,0,89722,1615564,89729,1465000,81324,0,:: :: :: ::,
89519,0,89822,1615572,89827,1465000,81425,0,:: :: :: ::,
89620,0,89923,1615572,89928,1669000,81525,0,:: :: :: ::,
89721,0,90023,1615572,90029,1669000,81625,0,:: :: :: ::,
89821,0,90124,1615572,90130,1669000,81726,0,:: :: :: ::,
89921,0,90224,1615572,90230,1669000,81826,0,:: :: :: ::,
90022,0,90324,1615572,90329,1669000,81927,0,:: :: :: ::,
90122,0,90426,1615572,90431,1669000,82027,0,:: :: :: ::,
90223,0,90527,1615572,90537,1669000,82130,0,:: :: :: ::,
90323,0,90633,1615696,90637,1669000,82228,0,:: :: :: ::,
90424,0,90734,1601888,90738,1669000,82328,0,:: :: :: ::,
90524,0,90834,1601880,90838,1669000,82429,0,:: :: :: ::,
90633,0,90935,1595100,90938,1844000,82529,0,:: :: :: ::,
90733,0,91035,1594976,91039,1844000,82630,0,:: :: :: ::,
90833,0,91136,1594976,91140,1844000,82731,0,:: :: :: ::,
90934,0,91236,1594976,91241,1844000,82831,0,:: :: :: ::,
91034,0,91337,1594976,91341,1844000,82932,0,:: :: :: ::,
91134,0,91437,1594976,91442,1844000,83032,0,:: :: :: ::,
91235,0,91538,1594976,91543,1844000,83132,0,:: :: :: ::,
91336,0,,,,,83233,0,:: :: :: ::,
91436,0,,,,,83335,0,:: :: :: ::,
91537,0,,,,,83386,0,:: :: :: ::,
,,,,,,83511,0,:: :: :: ::,

System Statistics:
Sensor Id,Name,Type,Average
206,"Battery Status",Battery Status,0.0
328,"Memory Usage",Memory Usage [KB],1479829.6516977
332,"Battery Power",Power Measurements [uW],2517140.1971522453

Application State Statistics:
App State 219,"Stencil::OpenCL(GPU)::Compile::Start",Start Time: 69.63 s,End Time: 69.71 s
Sensor Id,Name,Type,Average
206,"Battery Status",Battery Status,0.0
328,"Memory Usage",Memory Usage [KB],1564312.0
332,"Battery Power",Power Measurements [uW],3558000.0
App State 220,"Stencil::OpenCL(GPU)::Compile::Stop",Start Time: 69.71 s,End Time: 69.71 s
Sensor Id,Name,Type,Average
App State 89,"Stencil::OpenCL(GPU)::Setup::Start",Start Time: 69.71 s,End Time: 69.71 s
Sensor Id,Name,Type,Average
App State 90,"Stencil::OpenCL(GPU)::Setup::Stop",Start Time: 69.71 s,End Time: 69.71 s
Sensor Id,Name,Type,Average
App State 515,"Stencil::OpenCL(GPU)::Allocate::Start",Start Time: 69.71 s,End Time: 69.72 s
Sensor Id,Name,Type,Average
App State 516,"Stencil::OpenCL(GPU)::Allocate::Stop",Start Time: 69.72 s,End Time: 69.72 s
Sensor Id,Name,Type,Average
App State 918,"Stencil::OpenCL(GPU)::CopyTo::Start",Start Time: 69.72 s,End Time: 69.72 s
Sensor Id,Name,Type,Average
App State 919,"Stencil::OpenCL(GPU)::CopyTo::Stop",Start Time: 69.72 s,End Time: 69.80 s
Sensor Id,Name,Type,Average
206,"Battery Status",Battery Status,0.0
328,"Memory Usage",Memory Usage [KB],1569676.0
332,"Battery Power",Power Measurements [uW],3558000.0
App State 439,"Stencil::OpenCL(GPU)::Compute::Start",Start Time: 69.80 s,End Time: 70.42 s
Sensor Id,Name,Type,Average
206,"Battery Status",Battery Status,0.0
328,"Memory Usage",Memory Usage [KB],1568868.6666666667
332,"Battery Power",Power Measurements [uW],3379000.0
App State 440,"Stencil::OpenCL(GPU)::Compute::Stop",Start Time: 70.42 s,End Time: 70.43 s
Sensor Id,Name,Type,Average
App State 997,"Stencil::OpenCL(GPU)::CopyFrom::Start",Start Time: 70.43 s,End Time: 70.43 s
Sensor Id,Name,Type,Average
App State 998,"Stencil::OpenCL(GPU)::CopyFrom::Stop",Start Time: 70.43 s,End Time: 70.43 s
Sensor Id,Name,Type,Average
App State 634,"Stencil::OpenCL(GPU)::Free::Start",Start Time: 70.43 s,End Time: 70.43 s
Sensor Id,Name,Type,Average
App State 635,"Stencil::OpenCL(GPU)::Free::Stop",Start Time: 70.43 s,End Time: 70.60 s
Sensor Id,Name,Type,Average
206,"Battery Status",Battery Status,0.0
328,"Memory Usage",Memory Usage [KB],1564500.0
332,"Battery Power",Power Measurements [uW],3379000.0
App State 0,":: :: :: ::",Start Time: 70.60 s,End Time: 91.64 s
Sensor Id,Name,Type,Average
206,"Battery Status",Battery Status,0.0
328,"Memory Usage",Memory Usage [KB],1591554.2775119618
332,"Battery Power",Power Measurements [uW],1684909.0909090908

